{"pragati": {"password": "ef797c8118f02dfb649607dd5d3f8c7623048c9c063d532cc95c5ed7a898a64f", "model_file": "pragati.gmm"}, "pragati12": {"password": "ef797c8118f02dfb649607dd5d3f8c7623048c9c063d532cc95c5ed7a898a64f", "model_file": "pragati12.gmm"}, "pragati2455": {"password": "ef797c8118f02dfb649607dd5d3f8c7623048c9c063d532cc95c5ed7a898a64f", "model_file": "pragati2455.gmm", "last_login": "2024-12-02 18:19:35"}, "Chinki": {"password": "ef797c8118f02dfb649607dd5d3f8c7623048c9c063d532cc95c5ed7a898a64f", "model_file": "Chinki.gmm", "registration_date": "2024-12-02 18:09:45", "last_login": "2024-12-07 20:45:49"}, "chinki_sethi": {"password": "ef797c8118f02dfb649607dd5d3f8c7623048c9c063d532cc95c5ed7a898a64f", "model_file": "chinki_sethi.gmm", "registration_date": "2024-12-02 18:20:59", "last_login": "2024-12-02 18:21:34"}, "testing": {"password": "ef797c8118f02dfb649607dd5d3f8c7623048c9c063d532cc95c5ed7a898a64f", "model_file": "testing.gmm", "registration_date": "2024-12-02 18:23:50", "last_login": "2024-12-02 18:24:19"}, "test": {"password": "ef797c8118f02dfb649607dd5d3f8c7623048c9c063d532cc95c5ed7a898a64f", "model_file": "test.gmm", "registration_date": "2024-12-07 20:52:07", "last_login": "2024-12-07 20:52:36"}, "aswini": {"password": "5994471abb01112afcc18159f6cc74b4f511b99806da59b3caf5a9c173cacfc5", "model_file": "aswini.gmm", "registration_date": "2025-01-27 19:21:30", "last_login": null}, "aswini12": {"password": "03ac674216f3e15c761ee1a5e255f067953623c8b388b4459e13f978d7c846f4", "model_file": "aswini12.gmm", "registration_date": "2025-01-27 19:30:14", "last_login": "2025-04-07 12:52:51"}, "kavipriya": {"password": "8b6b0ff830bc1c6d0f46b671a8d3de8531d6deed307ff4d960897f940a4e61a6", "model_file": "kavipriya.gmm", "registration_date": "2025-01-28 10:19:22", "last_login": "2025-01-28 10:20:04"}, "rekhaa": {"password": "32ff174c8720458165d1b68a83c74c339531a1be10fab2be971b677274f2327b", "model_file": "rekhaa.gmm", "registration_date": "2025-01-28 10:27:29", "last_login": null}, "gops": {"password": "75d557b64f8423302f7a2f0fa29a07938374a98cb3ddfd2c80b1a4c0d318445c", "model_file": "gops.gmm", "registration_date": "2025-01-28 10:35:17", "last_login": null}, "kavipriya_12": {"password": "8b6b0ff830bc1c6d0f46b671a8d3de8531d6deed307ff4d960897f940a4e61a6", "model_file": "kavipriya_12.gmm", "registration_date": "2025-01-30 12:25:51", "last_login": null}, "kavipriya_13": {"password": "8b6b0ff830bc1c6d0f46b671a8d3de8531d6deed307ff4d960897f940a4e61a6", "model_file": "kavipriya_13.gmm", "registration_date": "2025-01-31 11:44:19", "last_login": null}, "rekhaa_28": {"password": "8d969eef6ecad3c29a3a629280e686cf0c3f5d5a86aff3ca12020c923adc6c92", "model_file": "rekhaa_28.gmm", "registration_date": "2025-02-27 11:23:21", "last_login": "2025-02-27 11:24:18"}, "aswini31": {"password": "5994471abb01112afcc18159f6cc74b4f511b99806da59b3caf5a9c173cacfc5", "email": "aswinichandranpattu217@gmail.com", "model_file": "aswini31.gmm", "registration_date": "2025-03-25 14:44:46", "last_login": "2025-03-25 14:48:09"}, "aswini123": {"password": "a665a45920422f9d417e4867efdc4fb8a04a1f3fff1fa07e998e86f7f7a27ae3", "email": "aswinichandranpattu217@gmail.com", "model_file": "aswini123.gmm", "registration_date": "2025-03-25 15:42:14", "last_login": "2025-03-25 16:23:07"}}